PASSIVE_ID,passive_effect,params,activation,function_payload,agent_scope,notes
PSV_001,PSV_EXTRA_MATCH_DAMAGE,RED:1,CONTINUAL,,OWNER,
PSV_002,PSV_EXTRA_MATCH_CHARGE,RED:1,CONTINUAL,,OWNER,
PSV_003,PSV_CHARGE_DAMPEN,ALL:1,CONTINUAL,,ENEMY,
PSV_004,PSV_FUNCTION_DAMAGE_INCREASE,ALL:2,CONTINUAL,,OWNER,
PSV_005,PSV_PERM_SHIELD,ALL:1,CONTINUAL,,OWNER,
PSV_006,PSV_EXTRA_MATCH_CHARGE,YEL:1,CONTINUAL,,OWNER,
PSV_007,PSV_BIGGER_BOMB,,CONTINUAL,,OWNER,
PSV_008,PSV_CARRIER,,START_OF_TURN,FNC_016,OWNER,
PSV_009,PSV_CARRIER,,START_OF_TURN,FNC_017,OWNER,
